id,firstName,lastName,email
1,Alice,Martin,alice.martin@test.com
2,Emma,Park,emma.park@test.com
3,Emma,Johnson,emma.johnson@another.com
4,Emma,Doe,emma.doe@example.com
5,Grace,Kim,grace.kim@test.com
6,Bob,Smith,bob.smith@another.com
7,Alice,Kim,alice.kim@another.com
8,Frank,Smith,frank.smith@sample.com
9,Jane,Martin,jane.martin@sample.com
10,Jane,Martin,jane.martin@sample.com
11,David,Martin,david.martin@sample.com
12,Jane,Park,jane.park@test.org
13,David,Kim,david.kim@test.com
14,Emma,Kim,emma.kim@example.com
15,Emma,Smith,emma.smith@sample.com
16,Emma,Wang,emma.wang@sample.com
17,Frank,Martin,frank.martin@another.com
18,Alice,Brown,alice.brown@test.com
19,Alice,Wang,alice.wang@sample.com
20,Emma,Park,emma.park@another.com
21,Alice,Doe,alice.doe@test.org
22,Bob,Johnson,bob.johnson@example.com
23,Emma,Wang,emma.wang@test.com
24,Jane,Lee,jane.lee@another.com
25,Alice,Johnson,alice.johnson@another.com
26,Grace,Brown,grace.brown@another.com
27,Emma,Park,emma.park@test.org
28,Jane,Johnson,jane.johnson@example.com
29,Grace,Smith,grace.smith@another.com
30,Jane,Wang,jane.wang@example.com
31,Charlie,Kim,charlie.kim@example.com
32,David,Brown,david.brown@test.com
33,John,Brown,john.brown@sample.com
34,Frank,Kim,frank.kim@example.com
35,Charlie,Doe,charlie.doe@example.com
36,Grace,Johnson,grace.johnson@another.com
37,Charlie,Johnson,charlie.johnson@example.com
38,Frank,Cho,frank.cho@test.org
39,Grace,Cho,grace.cho@test.org
40,Charlie,Wang,charlie.wang@another.com
41,Grace,Doe,grace.doe@sample.com
42,Charlie,Park,charlie.park@example.com
43,Frank,Park,frank.park@sample.com
44,Charlie,Park,charlie.park@example.com
45,Grace,Doe,grace.doe@sample.com
46,Bob,Cho,bob.cho@sample.com
47,Jane,Johnson,jane.johnson@another.com
48,Helen,Wang,helen.wang@test.org
49,Grace,Doe,grace.doe@example.com
50,Alice,Wang,alice.wang@test.org
51,Frank,Lee,frank.lee@another.com
52,Bob,Kim,bob.kim@test.org
53,Bob,Wang,bob.wang@example.com
54,Frank,Brown,frank.brown@another.com
55,Grace,Lee,grace.lee@sample.com
56,Frank,Brown,frank.brown@sample.com
57,John,Smith,john.smith@sample.com
58,Helen,Park,helen.park@sample.com
59,Bob,Kim,bob.kim@another.com
60,Charlie,Park,charlie.park@sample.com
61,Jane,Lee,jane.lee@test.com
62,Charlie,Smith,charlie.smith@sample.com
63,John,Smith,john.smith@test.org
64,Charlie,Doe,charlie.doe@sample.com
65,Charlie,Martin,charlie.martin@example.com
66,John,Doe,john.doe@test.com
67,John,Wang,john.wang@example.com
68,Bob,Park,bob.park@sample.com
69,Bob,Park,bob.park@another.com
70,Jane,Johnson,jane.johnson@another.com
71,Charlie,Doe,charlie.doe@sample.com
72,Alice,Doe,alice.doe@example.com
73,Jane,Park,jane.park@sample.com
74,Jane,Cho,jane.cho@another.com
75,Grace,Kim,grace.kim@another.com
76,Bob,Cho,bob.cho@test.com
77,David,Smith,david.smith@sample.com
78,Bob,Cho,bob.cho@test.com
79,Frank,Wang,frank.wang@test.com
80,Alice,Park,alice.park@sample.com
81,John,Smith,john.smith@test.org
82,Jane,Kim,jane.kim@test.org
83,Jane,Kim,jane.kim@test.org
84,Grace,Kim,grace.kim@example.com
85,Emma,Kim,emma.kim@test.com
86,Alice,Johnson,alice.johnson@test.org
87,Emma,Park,emma.park@sample.com
88,Jane,Lee,jane.lee@sample.com
89,David,Doe,david.doe@another.com
90,Alice,Brown,alice.brown@example.com
91,Charlie,Park,charlie.park@another.com
92,David,Martin,david.martin@sample.com
93,Helen,Doe,helen.doe@another.com
94,Alice,Brown,alice.brown@sample.com
95,Alice,Wang,alice.wang@another.com
96,Helen,Kim,helen.kim@another.com
97,Helen,Smith,helen.smith@test.org
98,Bob,Smith,bob.smith@another.com
99,Emma,Cho,emma.cho@example.com
100,Emma,Park,emma.park@test.org
101,Frank,Martin,frank.martin@example.com
102,Grace,Smith,grace.smith@test.com
103,Charlie,Martin,charlie.martin@another.com
104,Alice,Lee,alice.lee@test.org
105,Helen,Lee,helen.lee@example.com
106,Emma,Park,emma.park@test.org
107,Charlie,Smith,charlie.smith@another.com
108,Charlie,Martin,charlie.martin@test.com
109,Helen,Martin,helen.martin@test.com
110,Frank,Johnson,frank.johnson@test.org
111,Emma,Lee,emma.lee@sample.com
112,Grace,Wang,grace.wang@sample.com
113,Grace,Brown,grace.brown@example.com
114,Bob,Martin,bob.martin@example.com
115,Charlie,Lee,charlie.lee@sample.com
116,David,Kim,david.kim@test.com
117,Charlie,Kim,charlie.kim@another.com
118,Jane,Wang,jane.wang@another.com
119,Frank,Cho,frank.cho@test.com
120,Bob,Cho,bob.cho@test.com
121,John,Wang,john.wang@sample.com
122,John,Cho,john.cho@another.com
123,Charlie,Martin,charlie.martin@sample.com
124,Grace,Park,grace.park@another.com
125,David,Lee,david.lee@test.com
126,Emma,Doe,emma.doe@sample.com
127,Helen,Brown,helen.brown@test.org
128,Emma,Johnson,emma.johnson@test.org
129,Frank,Cho,frank.cho@sample.com
130,John,Kim,john.kim@sample.com
131,Jane,Martin,jane.martin@example.com
132,Frank,Smith,frank.smith@sample.com
133,Emma,Johnson,emma.johnson@test.org
134,Frank,Martin,frank.martin@test.org
135,Charlie,Lee,charlie.lee@example.com
136,Bob,Lee,bob.lee@another.com
137,John,Smith,john.smith@another.com
138,Alice,Cho,alice.cho@test.com
139,Alice,Smith,alice.smith@example.com
140,Jane,Doe,jane.doe@sample.com
141,Emma,Martin,emma.martin@example.com
142,Charlie,Doe,charlie.doe@another.com
143,Jane,Wang,jane.wang@test.org
144,John,Lee,john.lee@another.com
145,Emma,Doe,emma.doe@test.org
146,Jane,Park,jane.park@test.org
147,John,Doe,john.doe@test.org
148,Bob,Brown,bob.brown@test.com
149,Emma,Smith,emma.smith@sample.com
150,Emma,Kim,emma.kim@test.org
151,Alice,Martin,alice.martin@example.com
152,Alice,Wang,alice.wang@another.com
153,John,Johnson,john.johnson@example.com
154,Alice,Lee,alice.lee@example.com
155,Bob,Lee,bob.lee@test.com
156,Charlie,Wang,charlie.wang@test.org
157,John,Kim,john.kim@another.com
158,Bob,Cho,bob.cho@example.com
159,John,Smith,john.smith@sample.com
160,Emma,Wang,emma.wang@example.com
161,Charlie,Martin,charlie.martin@test.com
162,Emma,Cho,emma.cho@sample.com
163,John,Johnson,john.johnson@test.org
164,David,Cho,david.cho@test.org
165,Grace,Johnson,grace.johnson@example.com
166,Frank,Park,frank.park@test.com
167,David,Smith,david.smith@sample.com
168,Alice,Brown,alice.brown@sample.com
169,David,Brown,david.brown@test.org
170,Frank,Martin,frank.martin@test.com
171,David,Kim,david.kim@sample.com
172,David,Cho,david.cho@another.com
173,Emma,Smith,emma.smith@test.org
174,John,Kim,john.kim@test.org
175,John,Doe,john.doe@another.com
176,Helen,Johnson,helen.johnson@sample.com
177,Helen,Brown,helen.brown@sample.com
178,Grace,Martin,grace.martin@test.org
179,David,Lee,david.lee@test.com
180,Charlie,Lee,charlie.lee@sample.com
181,Jane,Kim,jane.kim@sample.com
182,John,Cho,john.cho@another.com
183,Emma,Cho,emma.cho@sample.com
184,Jane,Kim,jane.kim@another.com
185,David,Johnson,david.johnson@test.com
186,David,Park,david.park@example.com
187,Helen,Park,helen.park@example.com
188,Emma,Kim,emma.kim@example.com
189,Grace,Wang,grace.wang@test.org
190,Jane,Brown,jane.brown@example.com
191,David,Johnson,david.johnson@another.com
192,Alice,Kim,alice.kim@another.com
193,Grace,Smith,grace.smith@sample.com
194,Frank,Doe,frank.doe@example.com
195,Grace,Martin,grace.martin@sample.com
196,Alice,Doe,alice.doe@sample.com
197,Charlie,Park,charlie.park@test.org
198,John,Cho,john.cho@test.com
199,Charlie,Martin,charlie.martin@test.org
200,Bob,Doe,bob.doe@example.com
201,Jane,Cho,jane.cho@example.com
202,Bob,Martin,bob.martin@example.com
203,Grace,Lee,grace.lee@test.com
204,Bob,Martin,bob.martin@sample.com
205,Helen,Kim,helen.kim@sample.com
206,Emma,Smith,emma.smith@example.com
207,Jane,Johnson,jane.johnson@example.com
208,Bob,Johnson,bob.johnson@sample.com
209,Bob,Lee,bob.lee@example.com
210,John,Brown,john.brown@sample.com
211,Helen,Martin,helen.martin@test.com
212,Alice,Cho,alice.cho@example.com
213,Alice,Cho,alice.cho@test.org
214,Alice,Park,alice.park@sample.com
215,Frank,Park,frank.park@test.com
216,Frank,Doe,frank.doe@example.com
217,Emma,Doe,emma.doe@test.com
218,John,Kim,john.kim@test.org
219,Bob,Cho,bob.cho@sample.com
220,Jane,Martin,jane.martin@sample.com
221,Frank,Cho,frank.cho@sample.com
222,Helen,Park,helen.park@another.com
223,Emma,Smith,emma.smith@another.com
224,John,Martin,john.martin@example.com
225,Frank,Kim,frank.kim@test.com
226,Helen,Doe,helen.doe@test.org
227,Frank,Cho,frank.cho@another.com
228,David,Doe,david.doe@another.com
229,Helen,Wang,helen.wang@test.com
230,Grace,Cho,grace.cho@test.com
231,David,Cho,david.cho@sample.com
232,Frank,Johnson,frank.johnson@another.com
233,Alice,Park,alice.park@example.com
234,Bob,Lee,bob.lee@test.com
235,Charlie,Cho,charlie.cho@test.org
236,David,Cho,david.cho@test.org
237,Jane,Wang,jane.wang@another.com
238,Bob,Doe,bob.doe@test.org
239,David,Martin,david.martin@test.com
240,David,Wang,david.wang@test.com
241,Charlie,Wang,charlie.wang@sample.com
242,Grace,Doe,grace.doe@another.com
243,Alice,Johnson,alice.johnson@test.org
244,Alice,Wang,alice.wang@test.com
245,Jane,Lee,jane.lee@test.org
246,Bob,Doe,bob.doe@example.com
247,David,Lee,david.lee@example.com
248,David,Park,david.park@test.com
249,Jane,Brown,jane.brown@test.org
250,Grace,Martin,grace.martin@test.org
251,Grace,Kim,grace.kim@sample.com
252,Frank,Park,frank.park@test.org
253,Alice,Johnson,alice.johnson@test.com
254,Helen,Park,helen.park@test.org
255,John,Lee,john.lee@example.com
256,Jane,Johnson,jane.johnson@another.com
257,John,Cho,john.cho@another.com
258,Alice,Doe,alice.doe@test.com
259,David,Brown,david.brown@test.org
260,Grace,Martin,grace.martin@test.com
261,Alice,Brown,alice.brown@test.com
262,Bob,Cho,bob.cho@another.com
263,Jane,Park,jane.park@example.com
264,John,Kim,john.kim@sample.com
265,Frank,Lee,frank.lee@sample.com
266,Charlie,Kim,charlie.kim@test.com
267,Frank,Smith,frank.smith@sample.com
268,Helen,Lee,helen.lee@sample.com
269,Helen,Doe,helen.doe@sample.com
270,John,Park,john.park@another.com
271,Jane,Johnson,jane.johnson@test.org
272,Bob,Kim,bob.kim@sample.com
273,Grace,Doe,grace.doe@test.org
274,Jane,Wang,jane.wang@example.com
275,Jane,Park,jane.park@sample.com
276,Bob,Doe,bob.doe@another.com
277,Grace,Kim,grace.kim@sample.com
278,David,Smith,david.smith@test.com
279,Alice,Johnson,alice.johnson@sample.com
280,Jane,Park,jane.park@test.org
281,Helen,Martin,helen.martin@test.com
282,Alice,Brown,alice.brown@another.com
283,David,Kim,david.kim@test.com
284,Grace,Kim,grace.kim@test.org
285,Helen,Doe,helen.doe@sample.com
286,Charlie,Johnson,charlie.johnson@test.org
287,Helen,Lee,helen.lee@another.com
288,Charlie,Brown,charlie.brown@test.org
289,Helen,Smith,helen.smith@sample.com
290,Jane,Cho,jane.cho@test.com
291,Jane,Doe,jane.doe@test.com
292,John,Lee,john.lee@sample.com
293,Emma,Doe,emma.doe@sample.com
294,Grace,Lee,grace.lee@test.org
295,Emma,Park,emma.park@example.com
296,Emma,Lee,emma.lee@test.com
297,David,Martin,david.martin@test.org
298,Grace,Brown,grace.brown@another.com
299,Emma,Brown,emma.brown@test.org
300,Jane,Lee,jane.lee@sample.com
301,Grace,Smith,grace.smith@test.com
302,Frank,Smith,frank.smith@example.com
303,Charlie,Doe,charlie.doe@test.com
304,Frank,Kim,frank.kim@sample.com
305,Alice,Doe,alice.doe@test.org
306,Emma,Park,emma.park@sample.com
307,Alice,Brown,alice.brown@test.org
308,David,Park,david.park@test.com
309,David,Smith,david.smith@test.com
310,Charlie,Johnson,charlie.johnson@test.org
311,David,Doe,david.doe@test.org
312,Helen,Lee,helen.lee@sample.com
313,Helen,Lee,helen.lee@sample.com
314,Helen,Park,helen.park@example.com
315,Charlie,Wang,charlie.wang@another.com
316,John,Johnson,john.johnson@another.com
317,Alice,Johnson,alice.johnson@example.com
318,Helen,Smith,helen.smith@sample.com
319,Jane,Cho,jane.cho@test.com
320,Emma,Doe,emma.doe@test.org
321,Bob,Brown,bob.brown@test.com
322,Helen,Park,helen.park@another.com
323,Grace,Wang,grace.wang@another.com
324,Alice,Martin,alice.martin@test.org
325,Frank,Cho,frank.cho@test.org
326,Frank,Johnson,frank.johnson@example.com
327,John,Wang,john.wang@sample.com
328,Helen,Wang,helen.wang@test.org
329,David,Smith,david.smith@test.org
330,Grace,Wang,grace.wang@test.org
331,Grace,Martin,grace.martin@test.org
332,Grace,Smith,grace.smith@another.com
333,Charlie,Cho,charlie.cho@sample.com
334,Frank,Wang,frank.wang@test.com
335,Jane,Doe,jane.doe@test.com
336,Alice,Doe,alice.doe@test.org
337,David,Brown,david.brown@example.com
338,Bob,Martin,bob.martin@test.org
339,Alice,Doe,alice.doe@test.org
340,Helen,Kim,helen.kim@test.com
341,Frank,Kim,frank.kim@sample.com
342,John,Wang,john.wang@example.com
343,John,Johnson,john.johnson@test.org
344,Helen,Lee,helen.lee@another.com
345,Alice,Smith,alice.smith@another.com
346,Emma,Martin,emma.martin@test.com
347,Bob,Johnson,bob.johnson@example.com
348,Alice,Doe,alice.doe@sample.com
349,Bob,Johnson,bob.johnson@example.com
350,Jane,Martin,jane.martin@test.org
351,Grace,Brown,grace.brown@sample.com
352,Frank,Martin,frank.martin@another.com
353,Emma,Brown,emma.brown@example.com
354,Bob,Lee,bob.lee@example.com
355,David,Cho,david.cho@test.com
356,Frank,Lee,frank.lee@test.org
357,Bob,Brown,bob.brown@sample.com
358,Jane,Lee,jane.lee@test.com
359,Emma,Martin,emma.martin@test.org
360,Alice,Kim,alice.kim@test.org
361,Frank,Smith,frank.smith@sample.com
362,Alice,Wang,alice.wang@sample.com
363,Helen,Lee,helen.lee@test.org
364,Helen,Smith,helen.smith@another.com
365,Bob,Martin,bob.martin@sample.com
366,Grace,Johnson,grace.johnson@test.org
367,Emma,Doe,emma.doe@example.com
368,Grace,Smith,grace.smith@example.com
369,Charlie,Smith,charlie.smith@test.com
370,John,Brown,john.brown@test.com
371,Emma,Park,emma.park@test.com
372,John,Martin,john.martin@test.com
373,Frank,Brown,frank.brown@test.com
374,Charlie,Lee,charlie.lee@test.org
375,John,Wang,john.wang@example.com
376,Bob,Johnson,bob.johnson@sample.com
377,Frank,Lee,frank.lee@example.com
378,Jane,Brown,jane.brown@example.com
379,John,Martin,john.martin@sample.com
380,Alice,Martin,alice.martin@example.com
381,Charlie,Smith,charlie.smith@test.com
382,Frank,Cho,frank.cho@another.com
383,Helen,Cho,helen.cho@sample.com
384,Jane,Cho,jane.cho@test.com
385,John,Cho,john.cho@sample.com
386,Emma,Cho,emma.cho@sample.com
387,Charlie,Smith,charlie.smith@sample.com
388,Charlie,Doe,charlie.doe@sample.com
389,Alice,Smith,alice.smith@another.com
390,Bob,Cho,bob.cho@example.com
391,Bob,Martin,bob.martin@test.com
392,Helen,Wang,helen.wang@test.org
393,Charlie,Kim,charlie.kim@sample.com
394,Helen,Brown,helen.brown@another.com
395,Grace,Kim,grace.kim@test.com
396,Jane,Park,jane.park@example.com
397,Alice,Park,alice.park@sample.com
398,Jane,Cho,jane.cho@another.com
399,Charlie,Smith,charlie.smith@sample.com
400,Alice,Kim,alice.kim@test.com
401,Emma,Smith,emma.smith@test.com
402,Bob,Brown,bob.brown@example.com
403,Grace,Wang,grace.wang@test.com
404,Emma,Martin,emma.martin@test.org
405,Jane,Kim,jane.kim@sample.com
406,Frank,Cho,frank.cho@test.org
407,Helen,Brown,helen.brown@another.com
408,Frank,Doe,frank.doe@another.com
409,John,Wang,john.wang@example.com
410,Emma,Martin,emma.martin@another.com
411,John,Lee,john.lee@another.com
412,Bob,Doe,bob.doe@sample.com
413,John,Martin,john.martin@example.com
414,Emma,Lee,emma.lee@another.com
415,Emma,Martin,emma.martin@example.com
416,Jane,Martin,jane.martin@test.org
417,Bob,Smith,bob.smith@sample.com
418,Emma,Doe,emma.doe@sample.com
419,Bob,Johnson,bob.johnson@test.com
420,Alice,Wang,alice.wang@test.com
421,Frank,Lee,frank.lee@sample.com
422,Helen,Kim,helen.kim@another.com
423,David,Park,david.park@sample.com
424,Emma,Brown,emma.brown@another.com
425,Frank,Johnson,frank.johnson@sample.com
426,Grace,Johnson,grace.johnson@example.com
427,Frank,Brown,frank.brown@test.com
428,Frank,Cho,frank.cho@test.com
429,Charlie,Park,charlie.park@test.org
430,David,Kim,david.kim@test.com
431,Charlie,Park,charlie.park@example.com
432,David,Smith,david.smith@another.com
433,Grace,Kim,grace.kim@example.com
434,Grace,Kim,grace.kim@test.org
435,Alice,Lee,alice.lee@another.com
436,David,Lee,david.lee@sample.com
437,John,Johnson,john.johnson@sample.com
438,Grace,Doe,grace.doe@another.com
439,Frank,Wang,frank.wang@example.com
440,Emma,Johnson,emma.johnson@another.com
441,John,Brown,john.brown@test.org
442,Jane,Martin,jane.martin@example.com
443,John,Smith,john.smith@example.com
444,Grace,Lee,grace.lee@sample.com
445,John,Wang,john.wang@another.com
446,Jane,Lee,jane.lee@test.com
447,Charlie,Park,charlie.park@sample.com
448,Bob,Park,bob.park@test.org
449,John,Kim,john.kim@another.com
450,Alice,Smith,alice.smith@sample.com
451,Helen,Park,helen.park@another.com
452,Jane,Smith,jane.smith@test.com
453,Bob,Smith,bob.smith@another.com
454,John,Smith,john.smith@example.com
455,John,Cho,john.cho@another.com
456,Jane,Smith,jane.smith@another.com
457,John,Park,john.park@test.org
458,John,Wang,john.wang@example.com
459,Helen,Wang,helen.wang@another.com
460,Frank,Kim,frank.kim@example.com
461,Bob,Brown,bob.brown@test.org
462,David,Doe,david.doe@sample.com
463,Charlie,Cho,charlie.cho@another.com
464,Frank,Doe,frank.doe@sample.com
465,Jane,Martin,jane.martin@another.com
466,John,Kim,john.kim@sample.com
467,David,Lee,david.lee@test.com
468,Jane,Doe,jane.doe@sample.com
469,Charlie,Wang,charlie.wang@test.org
470,John,Lee,john.lee@example.com
471,Charlie,Smith,charlie.smith@example.com
472,Frank,Doe,frank.doe@another.com
473,John,Doe,john.doe@sample.com
474,John,Brown,john.brown@test.com
475,Jane,Doe,jane.doe@test.com
476,David,Kim,david.kim@test.com
477,Grace,Brown,grace.brown@example.com
478,Emma,Cho,emma.cho@sample.com
479,Jane,Kim,jane.kim@test.org
480,Helen,Brown,helen.brown@example.com
481,John,Wang,john.wang@sample.com
482,John,Wang,john.wang@another.com
483,Frank,Brown,frank.brown@test.com
484,Helen,Johnson,helen.johnson@test.com
485,Frank,Smith,frank.smith@test.org
486,Charlie,Cho,charlie.cho@sample.com
487,David,Cho,david.cho@example.com
488,Emma,Lee,emma.lee@another.com
489,John,Cho,john.cho@test.com
490,Charlie,Smith,charlie.smith@test.org
491,Helen,Wang,helen.wang@sample.com
492,Frank,Doe,frank.doe@sample.com
493,Emma,Johnson,emma.johnson@example.com
494,Alice,Park,alice.park@example.com
495,Helen,Brown,helen.brown@sample.com
496,Emma,Doe,emma.doe@test.com
497,Alice,Johnson,alice.johnson@another.com
498,David,Lee,david.lee@sample.com
499,Frank,Martin,frank.martin@test.org
500,John,Martin,john.martin@sample.com
501,Charlie,Wang,charlie.wang@sample.com
502,Emma,Martin,emma.martin@test.com
503,David,Smith,david.smith@example.com
504,John,Wang,john.wang@another.com
505,Frank,Brown,frank.brown@test.com
506,Bob,Wang,bob.wang@test.com
507,Jane,Cho,jane.cho@test.com
508,Bob,Doe,bob.doe@another.com
509,Helen,Johnson,helen.johnson@example.com
510,Charlie,Johnson,charlie.johnson@another.com
511,Jane,Park,jane.park@test.org
512,Helen,Johnson,helen.johnson@sample.com
513,John,Brown,john.brown@another.com
514,Charlie,Park,charlie.park@another.com
515,Alice,Brown,alice.brown@example.com
516,John,Cho,john.cho@test.org
517,Bob,Park,bob.park@example.com
518,Emma,Doe,emma.doe@test.org
519,John,Lee,john.lee@test.com
520,Charlie,Cho,charlie.cho@example.com
521,Alice,Park,alice.park@example.com
522,David,Johnson,david.johnson@sample.com
523,Jane,Park,jane.park@another.com
524,Jane,Martin,jane.martin@test.com
525,Charlie,Doe,charlie.doe@example.com
526,Emma,Kim,emma.kim@sample.com
527,Bob,Cho,bob.cho@sample.com
528,Alice,Kim,alice.kim@another.com
529,Bob,Johnson,bob.johnson@sample.com
530,Jane,Cho,jane.cho@test.org
531,Grace,Kim,grace.kim@test.com
532,Alice,Lee,alice.lee@test.org
533,Alice,Brown,alice.brown@another.com
534,Alice,Johnson,alice.johnson@test.org
535,Jane,Kim,jane.kim@example.com
536,Grace,Park,grace.park@another.com
537,Frank,Lee,frank.lee@sample.com
538,Charlie,Wang,charlie.wang@test.com
539,Charlie,Johnson,charlie.johnson@test.org
540,Charlie,Wang,charlie.wang@another.com
541,Bob,Park,bob.park@sample.com
542,David,Wang,david.wang@example.com
543,Charlie,Park,charlie.park@another.com
544,Frank,Wang,frank.wang@test.org
545,John,Brown,john.brown@test.com
546,Charlie,Smith,charlie.smith@example.com
547,Charlie,Johnson,charlie.johnson@example.com
548,Frank,Wang,frank.wang@test.org
549,Jane,Wang,jane.wang@example.com
550,David,Kim,david.kim@test.com
551,Frank,Cho,frank.cho@test.org
552,Grace,Cho,grace.cho@sample.com
553,Charlie,Cho,charlie.cho@test.com
554,John,Doe,john.doe@sample.com
555,Emma,Kim,emma.kim@test.com
556,Bob,Johnson,bob.johnson@test.org
557,Bob,Brown,bob.brown@test.org
558,Helen,Smith,helen.smith@test.org
559,Frank,Lee,frank.lee@another.com
560,Grace,Kim,grace.kim@example.com
561,Grace,Martin,grace.martin@sample.com
562,Alice,Wang,alice.wang@another.com
563,Bob,Lee,bob.lee@test.org
564,Jane,Johnson,jane.johnson@example.com
565,Grace,Park,grace.park@test.com
566,Bob,Park,bob.park@test.com
567,Grace,Martin,grace.martin@example.com
568,Bob,Lee,bob.lee@another.com
569,John,Park,john.park@another.com
570,Alice,Johnson,alice.johnson@example.com
571,Bob,Lee,bob.lee@test.com
572,John,Johnson,john.johnson@sample.com
573,Bob,Wang,bob.wang@test.com
574,Jane,Park,jane.park@test.com
575,Bob,Lee,bob.lee@test.com
576,Helen,Cho,helen.cho@sample.com
577,Emma,Cho,emma.cho@test.org
578,Helen,Doe,helen.doe@example.com
579,Emma,Brown,emma.brown@test.org
580,Helen,Kim,helen.kim@sample.com
581,Jane,Brown,jane.brown@test.org
582,Emma,Cho,emma.cho@test.org
583,Emma,Smith,emma.smith@test.com
584,David,Park,david.park@test.org
585,Frank,Lee,frank.lee@sample.com
586,Bob,Wang,bob.wang@another.com
587,John,Doe,john.doe@test.org
588,Charlie,Johnson,charlie.johnson@another.com
589,Emma,Smith,emma.smith@example.com
590,Emma,Smith,emma.smith@test.org
591,Bob,Park,bob.park@example.com
592,Jane,Wang,jane.wang@example.com
593,Bob,Doe,bob.doe@example.com
594,Alice,Smith,alice.smith@sample.com
595,John,Park,john.park@sample.com
596,Grace,Lee,grace.lee@example.com
597,Grace,Cho,grace.cho@another.com
598,Frank,Cho,frank.cho@another.com
599,David,Cho,david.cho@example.com
600,Jane,Lee,jane.lee@test.org
601,David,Martin,david.martin@sample.com
602,John,Lee,john.lee@example.com
603,Helen,Cho,helen.cho@test.com
604,Grace,Park,grace.park@another.com
605,Frank,Kim,frank.kim@test.com
606,Frank,Lee,frank.lee@test.com
607,Bob,Lee,bob.lee@example.com
608,Grace,Lee,grace.lee@test.org
609,David,Cho,david.cho@another.com
610,Frank,Wang,frank.wang@sample.com
611,Grace,Cho,grace.cho@test.org
612,Emma,Martin,emma.martin@test.org
613,Alice,Kim,alice.kim@another.com
614,Frank,Doe,frank.doe@example.com
615,Helen,Wang,helen.wang@example.com
616,John,Park,john.park@sample.com
617,Frank,Cho,frank.cho@test.com
618,Charlie,Smith,charlie.smith@example.com
619,David,Martin,david.martin@example.com
620,Charlie,Brown,charlie.brown@example.com
621,Jane,Cho,jane.cho@example.com
622,Helen,Brown,helen.brown@test.org
623,Bob,Kim,bob.kim@another.com
624,Helen,Martin,helen.martin@sample.com
625,John,Smith,john.smith@test.com
626,Helen,Cho,helen.cho@another.com
627,Jane,Smith,jane.smith@test.com
628,Grace,Smith,grace.smith@another.com
629,John,Johnson,john.johnson@test.org
630,Alice,Park,alice.park@sample.com
631,Grace,Doe,grace.doe@test.org
632,Charlie,Brown,charlie.brown@test.org
633,John,Lee,john.lee@test.com
634,Jane,Lee,jane.lee@sample.com
635,Charlie,Martin,charlie.martin@sample.com
636,John,Lee,john.lee@test.com
637,Helen,Kim,helen.kim@sample.com
638,Helen,Kim,helen.kim@another.com
639,Grace,Brown,grace.brown@sample.com
640,Emma,Brown,emma.brown@test.org
641,Frank,Johnson,frank.johnson@another.com
642,Helen,Park,helen.park@sample.com
643,Jane,Wang,jane.wang@example.com
644,Grace,Doe,grace.doe@another.com
645,Alice,Johnson,alice.johnson@another.com
646,Alice,Park,alice.park@another.com
647,Helen,Park,helen.park@sample.com
648,Frank,Wang,frank.wang@test.org
649,Grace,Kim,grace.kim@sample.com
650,Grace,Brown,grace.brown@test.com
651,Helen,Doe,helen.doe@test.com
652,Emma,Doe,emma.doe@example.com
653,Grace,Park,grace.park@test.com
654,John,Smith,john.smith@test.com
655,Grace,Wang,grace.wang@sample.com
656,Bob,Martin,bob.martin@example.com
657,Emma,Kim,emma.kim@another.com
658,John,Johnson,john.johnson@test.org
659,David,Lee,david.lee@example.com
660,Alice,Doe,alice.doe@test.org
661,Frank,Martin,frank.martin@test.org
662,Helen,Kim,helen.kim@example.com
663,Jane,Doe,jane.doe@another.com
664,Emma,Johnson,emma.johnson@example.com
665,Alice,Doe,alice.doe@another.com
666,Emma,Wang,emma.wang@test.org
667,Helen,Cho,helen.cho@example.com
668,Grace,Martin,grace.martin@another.com
669,John,Kim,john.kim@example.com
670,Jane,Martin,jane.martin@test.com
671,David,Park,david.park@another.com
672,Grace,Wang,grace.wang@sample.com
673,Bob,Lee,bob.lee@another.com
674,Jane,Smith,jane.smith@test.com
675,John,Kim,john.kim@sample.com
676,Bob,Lee,bob.lee@test.org
677,Bob,Wang,bob.wang@example.com
678,Grace,Doe,grace.doe@example.com
679,Alice,Kim,alice.kim@test.com
680,Emma,Martin,emma.martin@another.com
681,David,Lee,david.lee@example.com
682,Charlie,Park,charlie.park@sample.com
683,Emma,Park,emma.park@test.com
684,Grace,Doe,grace.doe@test.com
685,Frank,Martin,frank.martin@test.org
686,Grace,Martin,grace.martin@sample.com
687,Helen,Wang,helen.wang@sample.com
688,Helen,Cho,helen.cho@example.com
689,Jane,Brown,jane.brown@test.org
690,Bob,Park,bob.park@test.com
691,Frank,Doe,frank.doe@example.com
692,David,Kim,david.kim@test.org
693,Alice,Doe,alice.doe@test.com
694,David,Johnson,david.johnson@example.com
695,Bob,Park,bob.park@another.com
696,Jane,Doe,jane.doe@test.com
697,David,Kim,david.kim@another.com
698,Alice,Martin,alice.martin@another.com
699,Helen,Martin,helen.martin@sample.com
700,Bob,Park,bob.park@sample.com
701,Charlie,Martin,charlie.martin@sample.com
702,Jane,Smith,jane.smith@sample.com
703,Bob,Smith,bob.smith@another.com
704,Charlie,Lee,charlie.lee@another.com
705,Emma,Lee,emma.lee@sample.com
706,Jane,Lee,jane.lee@test.com
707,Charlie,Park,charlie.park@another.com
708,Grace,Johnson,grace.johnson@test.com
709,Grace,Martin,grace.martin@sample.com
710,Bob,Park,bob.park@sample.com
711,Alice,Doe,alice.doe@another.com
712,David,Cho,david.cho@test.com
713,Frank,Wang,frank.wang@example.com
714,Bob,Smith,bob.smith@sample.com
715,Frank,Martin,frank.martin@sample.com
716,Jane,Wang,jane.wang@test.com
717,Emma,Martin,emma.martin@another.com
718,Charlie,Doe,charlie.doe@example.com
719,Jane,Kim,jane.kim@sample.com
720,Emma,Johnson,emma.johnson@test.org
721,Helen,Lee,helen.lee@sample.com
722,Alice,Wang,alice.wang@test.org
723,Jane,Kim,jane.kim@example.com
724,Charlie,Johnson,charlie.johnson@test.org
725,Alice,Doe,alice.doe@sample.com
726,Grace,Johnson,grace.johnson@example.com
727,Helen,Kim,helen.kim@example.com
728,Helen,Brown,helen.brown@another.com
729,Jane,Kim,jane.kim@test.org
730,Helen,Martin,helen.martin@sample.com
731,Charlie,Kim,charlie.kim@sample.com
732,David,Johnson,david.johnson@example.com
733,David,Kim,david.kim@another.com
734,Alice,Kim,alice.kim@test.com
735,Charlie,Kim,charlie.kim@test.org
736,Grace,Doe,grace.doe@test.com
737,Frank,Smith,frank.smith@test.org
738,Alice,Martin,alice.martin@test.org
739,Alice,Lee,alice.lee@sample.com
740,Frank,Doe,frank.doe@test.com
741,David,Johnson,david.johnson@test.com
742,Alice,Johnson,alice.johnson@example.com
743,Charlie,Martin,charlie.martin@example.com
744,Alice,Park,alice.park@test.org
745,Jane,Kim,jane.kim@test.org
746,Alice,Doe,alice.doe@example.com
747,Charlie,Smith,charlie.smith@example.com
748,David,Park,david.park@sample.com
749,David,Doe,david.doe@sample.com
750,Alice,Wang,alice.wang@sample.com
751,Frank,Cho,frank.cho@test.org
752,Grace,Wang,grace.wang@test.com
753,John,Kim,john.kim@example.com
754,Charlie,Smith,charlie.smith@example.com
755,Jane,Martin,jane.martin@another.com
756,Frank,Brown,frank.brown@test.org
757,David,Cho,david.cho@test.com
758,Bob,Park,bob.park@sample.com
759,Bob,Kim,bob.kim@example.com
760,John,Lee,john.lee@another.com
761,Frank,Smith,frank.smith@test.org
762,Jane,Martin,jane.martin@test.com
763,Helen,Johnson,helen.johnson@test.com
764,Frank,Kim,frank.kim@sample.com
765,Charlie,Smith,charlie.smith@example.com
766,Grace,Martin,grace.martin@test.com
767,Helen,Smith,helen.smith@test.com
768,Helen,Kim,helen.kim@test.com
769,Charlie,Kim,charlie.kim@another.com
770,Bob,Doe,bob.doe@test.org
771,Emma,Brown,emma.brown@sample.com
772,David,Brown,david.brown@test.com
773,David,Johnson,david.johnson@example.com
774,Bob,Smith,bob.smith@another.com
775,Jane,Brown,jane.brown@sample.com
776,Grace,Wang,grace.wang@test.com
777,Bob,Doe,bob.doe@test.org
778,Charlie,Brown,charlie.brown@example.com
779,John,Cho,john.cho@example.com
780,Frank,Johnson,frank.johnson@another.com
781,Grace,Wang,grace.wang@another.com
782,Charlie,Kim,charlie.kim@another.com
783,Helen,Kim,helen.kim@test.org
784,Charlie,Smith,charlie.smith@test.org
785,Charlie,Wang,charlie.wang@sample.com
786,Frank,Doe,frank.doe@test.com
787,Alice,Lee,alice.lee@test.com
788,Charlie,Johnson,charlie.johnson@sample.com
789,Grace,Smith,grace.smith@example.com
790,Frank,Kim,frank.kim@example.com
791,Grace,Doe,grace.doe@another.com
792,Emma,Kim,emma.kim@example.com
793,Jane,Lee,jane.lee@another.com
794,Alice,Wang,alice.wang@test.com
795,David,Martin,david.martin@example.com
796,Charlie,Johnson,charlie.johnson@sample.com
797,Frank,Cho,frank.cho@example.com
798,John,Smith,john.smith@example.com
799,Helen,Martin,helen.martin@another.com
800,Charlie,Lee,charlie.lee@another.com
801,Grace,Kim,grace.kim@test.com
802,Alice,Kim,alice.kim@another.com
803,Bob,Smith,bob.smith@test.com
804,Charlie,Doe,charlie.doe@example.com
805,Bob,Kim,bob.kim@another.com
806,Emma,Smith,emma.smith@test.com
807,John,Cho,john.cho@test.com
808,Frank,Smith,frank.smith@sample.com
809,Grace,Martin,grace.martin@test.org
810,Alice,Park,alice.park@test.com
811,Emma,Kim,emma.kim@example.com
812,Bob,Kim,bob.kim@test.org
813,John,Park,john.park@another.com
814,Emma,Wang,emma.wang@test.org
815,Jane,Cho,jane.cho@sample.com
816,Emma,Johnson,emma.johnson@test.com
817,Charlie,Wang,charlie.wang@another.com
818,David,Wang,david.wang@test.org
819,Emma,Doe,emma.doe@another.com
820,Grace,Smith,grace.smith@another.com
821,Alice,Johnson,alice.johnson@another.com
822,Grace,Smith,grace.smith@test.org
823,Grace,Smith,grace.smith@test.com
824,Emma,Wang,emma.wang@another.com
825,Emma,Kim,emma.kim@example.com
826,Charlie,Johnson,charlie.johnson@test.com
827,Bob,Kim,bob.kim@example.com
828,John,Wang,john.wang@example.com
829,Emma,Lee,emma.lee@test.org
830,Bob,Brown,bob.brown@example.com
831,David,Cho,david.cho@sample.com
832,Bob,Johnson,bob.johnson@another.com
833,Grace,Brown,grace.brown@another.com
834,David,Smith,david.smith@another.com
835,Jane,Kim,jane.kim@example.com
836,John,Kim,john.kim@sample.com
837,Emma,Johnson,emma.johnson@test.org
838,Charlie,Park,charlie.park@another.com
839,Alice,Johnson,alice.johnson@another.com
840,John,Lee,john.lee@example.com
841,Jane,Martin,jane.martin@another.com
842,Charlie,Smith,charlie.smith@test.org
843,David,Johnson,david.johnson@test.org
844,Emma,Cho,emma.cho@sample.com
845,Helen,Smith,helen.smith@another.com
846,Alice,Martin,alice.martin@another.com
847,Alice,Lee,alice.lee@example.com
848,Bob,Wang,bob.wang@test.org
849,John,Park,john.park@sample.com
850,Alice,Martin,alice.martin@test.org
851,Bob,Smith,bob.smith@another.com
852,Jane,Cho,jane.cho@sample.com
853,Bob,Lee,bob.lee@sample.com
854,Jane,Kim,jane.kim@sample.com
855,Alice,Cho,alice.cho@another.com
856,Emma,Kim,emma.kim@example.com
857,John,Doe,john.doe@test.org
858,Alice,Martin,alice.martin@example.com
859,David,Wang,david.wang@test.org
860,John,Brown,john.brown@sample.com
861,Charlie,Park,charlie.park@example.com
862,David,Johnson,david.johnson@sample.com
863,John,Doe,john.doe@sample.com
864,Grace,Johnson,grace.johnson@example.com
865,Grace,Smith,grace.smith@sample.com
866,Frank,Lee,frank.lee@test.org
867,Frank,Wang,frank.wang@sample.com
868,John,Johnson,john.johnson@sample.com
869,Bob,Wang,bob.wang@example.com
870,Grace,Lee,grace.lee@test.com
871,Charlie,Wang,charlie.wang@example.com
872,Jane,Smith,jane.smith@another.com
873,Charlie,Brown,charlie.brown@test.org
874,David,Lee,david.lee@another.com
875,Frank,Park,frank.park@test.com
876,Jane,Lee,jane.lee@test.org
877,Alice,Kim,alice.kim@test.org
878,Helen,Doe,helen.doe@another.com
879,Alice,Smith,alice.smith@example.com
880,Bob,Cho,bob.cho@test.org
881,Helen,Martin,helen.martin@another.com
882,Grace,Doe,grace.doe@test.org
883,Jane,Brown,jane.brown@another.com
884,Frank,Johnson,frank.johnson@test.com
885,Alice,Smith,alice.smith@example.com
886,Charlie,Wang,charlie.wang@test.org
887,Jane,Park,jane.park@another.com
888,Grace,Smith,grace.smith@example.com
889,Emma,Doe,emma.doe@another.com
890,Jane,Wang,jane.wang@sample.com
891,Charlie,Lee,charlie.lee@another.com
892,Bob,Martin,bob.martin@sample.com
893,John,Smith,john.smith@test.org
894,John,Doe,john.doe@sample.com
895,Frank,Martin,frank.martin@another.com
896,Helen,Cho,helen.cho@sample.com
897,David,Doe,david.doe@another.com
898,Alice,Lee,alice.lee@test.com
899,Emma,Johnson,emma.johnson@sample.com
900,Emma,Brown,emma.brown@another.com
901,Charlie,Johnson,charlie.johnson@another.com
902,Grace,Kim,grace.kim@sample.com
903,John,Johnson,john.johnson@test.com
904,David,Johnson,david.johnson@another.com
905,David,Johnson,david.johnson@test.org
906,Helen,Doe,helen.doe@test.com
907,Emma,Kim,emma.kim@another.com
908,Frank,Park,frank.park@example.com
909,Emma,Lee,emma.lee@sample.com
910,David,Johnson,david.johnson@test.org
911,Helen,Park,helen.park@sample.com
912,John,Brown,john.brown@test.com
913,Jane,Smith,jane.smith@sample.com
914,Jane,Martin,jane.martin@test.org
915,Bob,Lee,bob.lee@sample.com
916,Grace,Park,grace.park@test.org
917,David,Lee,david.lee@another.com
918,John,Cho,john.cho@test.org
919,Jane,Brown,jane.brown@test.org
920,Helen,Martin,helen.martin@another.com
921,John,Lee,john.lee@sample.com
922,Bob,Smith,bob.smith@another.com
923,Charlie,Cho,charlie.cho@example.com
924,Grace,Wang,grace.wang@another.com
925,John,Johnson,john.johnson@sample.com
926,Alice,Doe,alice.doe@test.org
927,Grace,Cho,grace.cho@sample.com
928,Bob,Martin,bob.martin@test.org
929,Grace,Brown,grace.brown@test.org
930,Grace,Wang,grace.wang@another.com
931,Jane,Cho,jane.cho@test.com
932,Jane,Brown,jane.brown@test.org
933,David,Lee,david.lee@another.com
934,Jane,Cho,jane.cho@test.com
935,Jane,Brown,jane.brown@test.com
936,Bob,Smith,bob.smith@sample.com
937,David,Smith,david.smith@sample.com
938,Helen,Park,helen.park@another.com
939,Emma,Park,emma.park@another.com
940,Bob,Wang,bob.wang@another.com
941,Alice,Smith,alice.smith@sample.com
942,Jane,Doe,jane.doe@test.com
943,Emma,Lee,emma.lee@sample.com
944,Helen,Brown,helen.brown@test.com
945,Frank,Kim,frank.kim@sample.com
946,Emma,Park,emma.park@test.com
947,David,Martin,david.martin@test.com
948,David,Lee,david.lee@example.com
949,Emma,Lee,emma.lee@another.com
950,Grace,Brown,grace.brown@example.com
951,Charlie,Johnson,charlie.johnson@example.com
952,Alice,Doe,alice.doe@test.com
953,John,Kim,john.kim@another.com
954,Helen,Cho,helen.cho@test.com
955,Bob,Wang,bob.wang@another.com
956,John,Smith,john.smith@sample.com
957,John,Lee,john.lee@test.com
958,Emma,Johnson,emma.johnson@test.com
959,Frank,Brown,frank.brown@another.com
960,Jane,Kim,jane.kim@example.com
961,Alice,Wang,alice.wang@example.com
962,Helen,Doe,helen.doe@example.com
963,David,Lee,david.lee@sample.com
964,John,Johnson,john.johnson@test.org
965,Grace,Brown,grace.brown@another.com
966,David,Cho,david.cho@test.org
967,Jane,Park,jane.park@test.org
968,John,Johnson,john.johnson@test.org
969,Grace,Johnson,grace.johnson@test.org
970,John,Kim,john.kim@test.org
971,Helen,Kim,helen.kim@sample.com
972,Frank,Brown,frank.brown@test.org
973,Bob,Lee,bob.lee@example.com
974,Bob,Martin,bob.martin@test.org
975,Helen,Park,helen.park@sample.com
976,Helen,Wang,helen.wang@test.com
977,Charlie,Johnson,charlie.johnson@example.com
978,David,Lee,david.lee@another.com
979,Jane,Park,jane.park@test.com
980,Alice,Wang,alice.wang@test.org
981,David,Johnson,david.johnson@test.org
982,Alice,Cho,alice.cho@sample.com
983,Jane,Johnson,jane.johnson@example.com
984,Helen,Brown,helen.brown@test.org
985,Frank,Doe,frank.doe@test.com
986,Helen,Cho,helen.cho@another.com
987,Alice,Kim,alice.kim@test.com
988,Bob,Smith,bob.smith@example.com
989,Bob,Brown,bob.brown@test.com
990,Charlie,Johnson,charlie.johnson@test.org
991,Bob,Smith,bob.smith@test.org
992,Bob,Park,bob.park@test.org
993,Grace,Cho,grace.cho@another.com
994,Helen,Kim,helen.kim@another.com
995,Grace,Lee,grace.lee@another.com
996,Bob,Smith,bob.smith@sample.com
997,Charlie,Lee,charlie.lee@sample.com
998,Alice,Doe,alice.doe@test.com
999,Jane,Kim,jane.kim@another.com
1000,David,Brown,david.brown@example.com
